<?xml version="1.0" encoding="UTF-8"?>
<project-private xmlns="http://www.netbeans.org/ns/project-private/1">
    <editor-bookmarks xmlns="http://www.netbeans.org/ns/editor-bookmarks/2" lastBookmarkId="0"/>
    <open-files xmlns="http://www.netbeans.org/ns/projectui-open-files/2">
        <group>
            <file>file:/var/www/html/Lab5/email-sending/userlogin.html</file>
            <file>file:/var/www/html/Lab5/email-sending/applyaccount.php</file>
            <file>file:/var/www/html/Lab5/email-sending/userlogin.php</file>
            <file>file:/var/www/html/Lab5/charts/SalesPieChart.php</file>
            <file>file:/var/www/html/Lab5/email-sending/gmail.php</file>
            <file>file:/var/www/html/Lab5/charts/Zingchart.php</file>
            <file>file:/var/www/html/Lab5/email-sending/class.phpmailer.php</file>
            <file>file:/var/www/html/Lab5/email-sending/manage_subscribers.php</file>
            <file>file:/var/www/html/Lab5/charts/salespie.php</file>
        </group>
    </open-files>
</project-private>
